organismo,tipo_anomalia,puntaje_ae,puntaje_z,detectada_ae,detectada_z,explicacion_ae
SINT-proveedor_unico-1,proveedor_unico,0.025986824,6.8497143,True,True,Este organismo se aparta del patrón típico principalmente por la cantidad de rubros que compra (sobre lo esperado) y por el monto medio de sus compras (bajo lo esperado).
SINT-proveedor_unico-2,proveedor_unico,0.0058323066,6.8497143,False,True,Este organismo se aparta del patrón típico principalmente por la concentración del gasto entre proveedores (HHI) (sobre lo esperado) y por el monto medio de sus compras (bajo lo esperado).
SINT-proveedor_unico-3,proveedor_unico,0.024959423,6.8497143,True,True,Este organismo se aparta del patrón típico principalmente por el monto medio de sus compras (bajo lo esperado) y por su número de proveedores (sobre lo esperado).
SINT-proveedor_unico-4,proveedor_unico,0.10218346,6.8497143,True,True,Este organismo se aparta del patrón típico principalmente por su número de compras (sobre lo esperado) y por la concentración del gasto entre proveedores (HHI) (sobre lo esperado).
SINT-trato_directo-1,trato_directo,0.0135282455,3.6744933,True,False,Este organismo se aparta del patrón típico principalmente por su monto total adjudicado (bajo lo esperado) y por la concentración en su principal proveedor (sobre lo esperado).
SINT-trato_directo-2,trato_directo,0.017660748,5.144419,True,True,Este organismo se aparta del patrón típico principalmente por la concentración del gasto entre proveedores (HHI) (sobre lo esperado) y por su porcentaje de trato directo (sobre lo esperado).
SINT-trato_directo-3,trato_directo,0.015143856,3.7102864,True,False,Este organismo se aparta del patrón típico principalmente por su porcentaje de licitaciones con un solo oferente (sobre lo esperado) y por su porcentaje de trato directo (sobre lo esperado).
SINT-trato_directo-4,trato_directo,0.006198143,3.6744933,False,False,Este organismo se aparta del patrón típico principalmente por su porcentaje de trato directo (sobre lo esperado) y por la cantidad de rubros que compra (bajo lo esperado).
SINT-oferente_unico-1,oferente_unico,0.00773063,3.4336362,False,False,Este organismo se aparta del patrón típico principalmente por su porcentaje de licitaciones con un solo oferente (sobre lo esperado) y por la cantidad de rubros que compra (bajo lo esperado).
SINT-oferente_unico-2,oferente_unico,0.021852873,3.5285907,True,False,Este organismo se aparta del patrón típico principalmente por su porcentaje de trato directo (bajo lo esperado) y por el monto medio de sus compras (sobre lo esperado).
SINT-oferente_unico-3,oferente_unico,0.014478639,3.2254827,True,False,Este organismo se aparta del patrón típico principalmente por su porcentaje de licitaciones con un solo oferente (sobre lo esperado) y por su número de compras (sobre lo esperado).
SINT-oferente_unico-4,oferente_unico,0.015963936,3.6882777,True,False,Este organismo se aparta del patrón típico principalmente por la cantidad de rubros que compra (sobre lo esperado) y por su porcentaje de proveedores nuevos (sobre lo esperado).
SINT-monto_extremo-1,monto_extremo,0.054698687,6.0323753,True,True,Este organismo se aparta del patrón típico principalmente por el monto medio de sus compras (sobre lo esperado) y por su monto total adjudicado (sobre lo esperado).
SINT-monto_extremo-2,monto_extremo,0.07859658,6.0323753,True,True,Este organismo se aparta del patrón típico principalmente por el monto medio de sus compras (sobre lo esperado) y por su porcentaje de licitaciones con un solo oferente (sobre lo esperado).
SINT-monto_extremo-3,monto_extremo,0.060664434,6.0323753,True,True,Este organismo se aparta del patrón típico principalmente por el monto medio de sus compras (sobre lo esperado) y por su monto total adjudicado (sobre lo esperado).
SINT-monto_extremo-4,monto_extremo,0.040982086,6.0323753,True,True,Este organismo se aparta del patrón típico principalmente por el monto medio de sus compras (sobre lo esperado) y por su monto total adjudicado (sobre lo esperado).
SINT-combinacion-1,combinacion,0.024512427,1.4227123,True,False,Este organismo se aparta del patrón típico principalmente por su número de compras (sobre lo esperado) y por la cantidad de rubros que compra (bajo lo esperado).
SINT-combinacion-2,combinacion,0.0036272984,1.4227123,False,False,Este organismo se aparta del patrón típico principalmente por su porcentaje de licitaciones con un solo oferente (bajo lo esperado) y por su porcentaje de trato directo (bajo lo esperado).
SINT-combinacion-3,combinacion,0.06810528,3.041516,True,False,Este organismo se aparta del patrón típico principalmente por su número de compras (sobre lo esperado) y por la cantidad de rubros que compra (bajo lo esperado).
SINT-combinacion-4,combinacion,0.0070348037,1.4227123,False,False,Este organismo se aparta del patrón típico principalmente por su porcentaje de trato directo (bajo lo esperado) y por la cantidad de rubros que compra (bajo lo esperado).
