learning_rate,batch_size,fold,mejor_val_loss,mejor_epoch,epochs_ejecutados
0.01,8,0,0.0038687600754201412,133,153
0.01,8,1,0.005795715842396021,76,96
0.01,8,2,0.006994050927460194,65,85
0.01,8,3,0.005227279849350452,45,65
0.01,8,4,0.007999397814273834,85,105
0.01,16,0,0.0041221738792955875,109,129
0.01,16,1,0.007192468736320734,35,55
0.01,16,2,0.008722196333110332,85,105
0.01,16,3,0.006345604080706835,26,46
0.01,16,4,0.007909580133855343,46,66
0.01,32,0,0.005196114536374807,75,95
0.01,32,1,0.0074755530804395676,181,201
0.01,32,2,0.006481085903942585,175,195
0.01,32,3,0.008125917986035347,125,145
0.01,32,4,0.009436331689357758,134,154
0.001,8,0,0.004110605921596289,500,500
0.001,8,1,0.00801160093396902,499,500
0.001,8,2,0.005941580981016159,171,191
0.001,8,3,0.007670684717595577,361,381
0.001,8,4,0.006775078363716602,497,500
0.001,16,0,0.00421918835490942,496,500
0.001,16,1,0.008190687745809555,497,500
0.001,16,2,0.00584562961012125,280,300
0.001,16,3,0.007905906066298485,500,500
0.001,16,4,0.009661543183028698,498,500
0.001,32,0,0.004231802653521299,499,500
0.001,32,1,0.00854226853698492,500,500
0.001,32,2,0.005519789177924395,500,500
0.001,32,3,0.00836032722145319,499,500
0.001,32,4,0.009981777518987656,499,500
0.0001,8,0,0.008190609514713287,500,500
0.0001,8,1,0.01602005399763584,500,500
0.0001,8,2,0.01591915264725685,500,500
0.0001,8,3,0.012638709507882595,500,500
0.0001,8,4,0.017430970445275307,500,500
0.0001,16,0,0.010900374501943588,500,500
0.0001,16,1,0.022657649591565132,500,500
0.0001,16,2,0.01886817254126072,500,500
0.0001,16,3,0.016268989071249962,500,500
0.0001,16,4,0.02127327024936676,500,500
0.0001,32,0,0.023247141391038895,500,500
0.0001,32,1,0.037892553955316544,500,500
0.0001,32,2,0.02298869751393795,500,500
0.0001,32,3,0.024772198870778084,500,500
0.0001,32,4,0.03052058070898056,500,500
