epoch,loss,val_loss,n_folds
1,0.05194466561079025,0.03353542499244213,5
2,0.029408171772956848,0.028959356993436814,5
3,0.023846310377120972,0.022496115788817404,5
4,0.0190420962870121,0.018628547526896,5
5,0.01632835380733013,0.016364472545683385,5
6,0.014976753294467926,0.015419814363121986,5
7,0.01399856936186552,0.014964198507368565,5
8,0.013062302395701409,0.014041639491915702,5
9,0.012123976834118366,0.013245036453008651,5
10,0.011340090073645115,0.012796660885214806,5
11,0.010754081979393959,0.011918769404292106,5
12,0.010324685648083688,0.011248599924147128,5
13,0.009952821023762225,0.011012988165020943,5
14,0.009628061205148697,0.010667764954268933,5
15,0.009385590627789497,0.010406114906072617,5
16,0.009088698588311673,0.01013015378266573,5
17,0.008852484542876482,0.009819005429744721,5
18,0.008778495527803899,0.009909829124808311,5
19,0.0086064831353724,0.009504854772239923,5
20,0.008441454079002143,0.009537658002227545,5
21,0.008284209575504065,0.009094112925231457,5
22,0.008236471470445395,0.009432096499949694,5
23,0.008072507474571467,0.009546342678368092,5
24,0.00799832735210657,0.009677497483789922,5
25,0.007938272319734097,0.008894109074026347,5
26,0.007903733663260937,0.009434560500085353,5
27,0.007706009596586227,0.009152753092348576,5
28,0.007718199118971825,0.009398407489061355,5
29,0.007549480069428682,0.008765819482505322,5
30,0.0074596601538360115,0.008591189794242383,5
31,0.0074364104308187965,0.00872255563735962,5
32,0.007313112169504166,0.008524594083428382,5
33,0.007225967664271593,0.008964988868683577,5
34,0.007176795415580273,0.008814523462206125,5
35,0.00704129533842206,0.008868363313376903,5
36,0.007052758894860745,0.008905419148504734,5
37,0.006822956353425979,0.008892512414604425,5
38,0.0069662447087466715,0.008518538158386945,5
39,0.006782110221683979,0.00832882272079587,5
40,0.006794296577572823,0.00837715258821845,5
41,0.006529321987181902,0.008872988820075988,5
42,0.00663093151524663,0.008235409576445817,5
43,0.006506379786878824,0.008239336125552655,5
44,0.006482964195311069,0.0077390212565660475,5
45,0.006338580045849085,0.007697211764752865,5
46,0.006289977766573429,0.0076730002649128435,5
47,0.006138060055673122,0.007608028408139944,5
48,0.0060752276331186295,0.007386276312172413,5
49,0.0060068868100643154,0.0073344862088561055,5
50,0.005849385261535644,0.007014904543757439,5
51,0.005867009237408638,0.006934494432061911,5
52,0.005718590784817934,0.007506814133375883,5
53,0.005699945148080587,0.006900256872177124,5
54,0.005558851175010204,0.007342055812478066,5
55,0.005555288214236498,0.007139849849045277,5
56,0.005516203306615353,0.007375721354037523,5
57,0.005504506826400757,0.0068549693562090395,5
58,0.00544603206217289,0.006640173215419054,5
59,0.005333001259714365,0.007154196407645941,5
60,0.005304782558232546,0.00704976599663496,5
61,0.005269738100469113,0.007370470371097326,5
62,0.005347361788153648,0.006667231861501932,5
63,0.005153845716267824,0.006742771249264479,5
64,0.00527336411178112,0.006858144886791706,5
65,0.005169473215937614,0.007171053439378738,5
66,,,4
67,,,4
68,,,4
69,,,4
70,,,4
71,,,4
72,,,4
73,,,4
74,,,4
75,,,4
76,,,4
77,,,4
78,,,4
79,,,4
80,,,4
81,,,4
82,,,4
83,,,4
84,,,4
85,,,4
86,,,3
87,,,3
88,,,3
89,,,3
90,,,3
91,,,3
92,,,3
93,,,3
94,,,3
95,,,3
96,,,3
97,,,2
98,,,2
99,,,2
100,,,2
101,,,2
102,,,2
103,,,2
104,,,2
105,,,2
106,,,1
107,,,1
108,,,1
109,,,1
110,,,1
111,,,1
112,,,1
113,,,1
114,,,1
115,,,1
116,,,1
117,,,1
118,,,1
119,,,1
120,,,1
121,,,1
122,,,1
123,,,1
124,,,1
125,,,1
126,,,1
127,,,1
128,,,1
129,,,1
130,,,1
131,,,1
132,,,1
133,,,1
134,,,1
135,,,1
136,,,1
137,,,1
138,,,1
139,,,1
140,,,1
141,,,1
142,,,1
143,,,1
144,,,1
145,,,1
146,,,1
147,,,1
148,,,1
149,,,1
150,,,1
151,,,1
152,,,1
153,,,1
