learning_rate,batch_size,mejor_val_loss,val_accuracy_en_mejor,mejor_epoch,epochs_ejecutados
0.01,64,1.8900731801986694,0.48408710956573486,4,24
0.01,128,1.8600945472717285,0.49246230721473694,5,25
0.01,256,1.8555227518081665,0.49413734674453735,6,26
0.001,64,1.8294718265533447,0.49413734674453735,25,45
0.001,128,1.8349930047988892,0.5025125741958618,37,57
0.001,256,1.8436704874038696,0.4991624653339386,56,76
0.0001,64,2.2107174396514893,0.4271356761455536,100,100
0.0001,128,2.576753854751587,0.37185928225517273,100,100
0.0001,256,3.0020737648010254,0.2747068703174591,100,100
