epoch,loss,val_loss,accuracy,val_accuracy
1,3.6624960899353027,3.584519386291504,0.08348134905099869,0.1306532621383667
2,3.417396068572998,3.3752083778381348,0.14949674904346466,0.16247905790805817
3,3.171638011932373,3.2193682193756104,0.19064535200595856,0.20770519971847534
4,2.949357271194458,3.033271312713623,0.27383068203926086,0.2730318307876587
5,2.6964962482452393,2.83188796043396,0.34665483236312866,0.311557799577713
6,2.451122999191284,2.64150333404541,0.4061574935913086,0.356783926486969
7,2.241812229156494,2.4787163734436035,0.44404974579811096,0.39698493480682373
8,2.07387375831604,2.3471193313598633,0.48105388879776,0.4053601324558258
9,1.9251773357391357,2.2419517040252686,0.5008881092071533,0.42043551802635193
10,1.8058720827102661,2.1563291549682617,0.5272350311279297,0.4405360221862793
11,1.7049353122711182,2.0870654582977295,0.5449970364570618,0.45728641748428345
12,1.6124985218048096,2.033475399017334,0.5639431476593018,0.4673366844654083
13,1.5448286533355713,1.9875024557113647,0.5781527757644653,0.47236180305480957
14,1.47074556350708,1.9527218341827393,0.5938425064086914,0.4874371886253357
15,1.4258426427841187,1.921508550643921,0.596802830696106,0.49581238627433777
16,1.3650809526443481,1.8978623151779175,0.6092362403869629,0.4991624653339386
17,1.3168613910675049,1.8796669244766235,0.6222617030143738,0.5025125741958618
18,1.2830976247787476,1.8647929430007935,0.6246299743652344,0.5025125741958618
19,1.2462254762649536,1.854395866394043,0.6323268413543701,0.5025125741958618
20,1.2112491130828857,1.8486906290054321,0.642687976360321,0.5075376629829407
21,1.181389570236206,1.839055061340332,0.6489046812057495,0.5075376629829407
22,1.1470776796340942,1.8334332704544067,0.662226140499115,0.4991624653339386
23,1.1129345893859863,1.8301018476486206,0.6684428453445435,0.49581238627433777
24,1.1065070629119873,1.831207036972046,0.6696270108222961,0.4991624653339386
25,1.0716599225997925,1.8294718265533447,0.6814683079719543,0.49413734674453735
26,1.044441819190979,1.8321083784103394,0.6847246885299683,0.4857621490955353
27,1.0416455268859863,1.8330947160720825,0.6820604205131531,0.48241207003593445
28,1.0085864067077637,1.8362640142440796,0.6971580982208252,0.4857621490955353
29,0.9815279245376587,1.8372704982757568,0.7116637229919434,0.4891122281551361
30,0.9585541486740112,1.8397479057312012,0.7057430148124695,0.48408710956573486
31,0.9372313022613525,1.8415253162384033,0.7075192332267761,0.4857621490955353
32,0.9179437160491943,1.8483878374099731,0.7184724807739258,0.48073703050613403
33,0.9174593091011047,1.853253722190857,0.7125518321990967,0.48241207003593445
34,0.9060031771659851,1.8561835289001465,0.7199526429176331,0.4857621490955353
35,0.8787720203399658,1.8588511943817139,0.7249851822853088,0.4790619909763336
36,0.870547354221344,1.8634495735168457,0.7347542643547058,0.48241207003593445
37,0.8542391061782837,1.869680404663086,0.7294256687164307,0.4874371886253357
38,0.8339734077453613,1.875846266746521,0.7409709692001343,0.4874371886253357
39,0.8207299709320068,1.8818005323410034,0.7439312934875488,0.4874371886253357
40,0.8147122859954834,1.8882465362548828,0.7471876740455627,0.48241207003593445
41,0.8089422583580017,1.8942716121673584,0.7525162696838379,0.48073703050613403
42,0.7947971820831299,1.898123860359192,0.7516281604766846,0.48073703050613403
43,0.7704551815986633,1.9052852392196655,0.761101245880127,0.48241207003593445
44,0.7763552069664001,1.9096890687942505,0.7537004351615906,0.4891122281551361
45,0.7573489546775818,1.9217848777770996,0.7551805973052979,0.4891122281551361
