NroLicitacion,Institucion,texto,familia,familia_nombre,sugerencia_1,prob_1,sugerencia_2,sugerencia_3,etiqueta_registrada_correcta (si/no),sugerencia_1_correcta (si/no),comentario
1057402-72-LR23,HOSPITAL CLINICO DE MAGALLANES DR. LAUTARO NAVARRO AVARIA,"INSUMOS PARA CITOMETRIA DE FLUJO. El propósito de la licitación es contar con contratos de suministro de INSUMOS PARA LA DETERMINACION DE SUB-POBLACIONES LINFOCITARIAS CD3-CD4-CD8 POR CITOMETRIA DE FLUJO. Lo anterior implica, por la parte del oferente adjudicado, hacer entrega en comodato del equipamiento para determinación de subopoblaciones linfocitarias, a través de la cuantificación citológica de CD3, CD4 y CD8,  y que permitan el aprovisionamiento oportuno de los productos necesarios en la atención de los usuarios del Hospital para los años 2023 al 2027, en las circunstancias que estos productos no fueran provistos por la Central Nacional de Abastecimiento de los Servicios de Salud, ni se encuentren disponibles en catálogos electrónicos del Convenio Marco o en las Compras Coordinadas yo Conjuntas del Ministerio de Salud, o bien su adquisición sea desventajosa respecto al resultado de la presente licitación, cuyas condiciones más ventajosas serán informadas en la oportunidad correspondiente a la Dirección de Compras, en conformidad con lo dispuesto en el artículo 15 del D.S. Nº 250, de 2004, del Ministerio de Hacienda.  El contrato de suministro anteriormente indicado se hará efectivo cada vez que sea necesario, a través de la emisión de órdenes de compra enviadas al proveedor adjudicado mediante la plataforma www.mercadopublico.cl.  Sin perjuicio de lo anterior, durante todo el periodo de vigencia del contrato, los productos serán solicitados en la oportunidad del mes que el Hospital estime pertinente, comprometiéndose el oferente adjudicado a difundir esta modalidad de compra a todas las instancias que participan en su proceso de ventas",4111,Instrumentos de medida y experimentación,4111,0.14599153,4229,8512,,,
4968-33-LE23,HOSPITAL DE QUILPUE,"SEGUNDO LLAMADO SAL DE MINA Y OTROS INSUMOS. Las presentes Bases de licitación orientan, fijan y determinan las normas y procedimientos por las que deben regirse las personas naturales o jurídicas interesadas en participar en el Segundo llamado a licitación para la contratación de un convenio de suministro de SAL DE MINA E INSUMOS ASOCIADOS, por un periodo de 36 meses, con el fin de garantizar el adecuado, eficiente y correcto funcionamiento de las unidades de Esterilización, Alimentación y Central Térmica del establecimiento",4713,Suministros de limpieza,4228,0.29179695,4214,4223,,,
1058085-73-LE23,SERVICIO DE SALUD ORIENTE HOSPITAL DEL SALVADOR,"CONVENIO SUMINISTRO DE MEDICAMENTOS INYECTABLES G-6 EN CASO DE NO DESPACHO DE CENABAST PARA EL HOSPITAL DEL SALVADOR. Que, el Hospital del Salvador necesita contar con un CONVENIO SUMINISTRO DE MEDICAMENTOS INYECTABLES G-6 EN CASO DE NO DESPACHO DE CENABAST PARA EL HOSPITAL DEL SALVADOR con la finalidad de satisfacer de manera adecuada y eficiente la labor asistencial durante el periodo 2023-2025.  Que, el hospital debe implementar Medidas Complementarias, para asegurar el abastecimiento de los medicamentos intermediados por CENABAST, ante los reiterados quiebres de stock e incumplimientos derivados de sus proveedores  Que, por la cuantía determinada, la presente licitación se ubica en el tramo para contrataciones de aquellas iguales o superiores a 100 UTM e inferiores a 1.000 UTM, en conformidad al Artículo 19º bis del Reglamento de la Ley Nº19.886  Que, hechas las consultas respectivas, la provisión de Medicamentos Intermediados, no se encuentra disponibles por Convenios Marcos ofrecidos en el Sistema de Información de la Dirección de Compras, www.mercadopublico.cl",5111,Agentes antitumorales,5111,0.26009881,5114,5118,,,
5051-42-LQ23,SERVICIO DE SALUD DEL MAULE HOSPITAL DE TALCA,"CETUXIMAB Y PANITUMUMAB. El objetivo de la presente licitación es la adquisición de CETUXIMAB Y PANITUMUMAB para el Hospital Regional de Talca, con el fin de asegurar el abastecimiento en calidad y oportunidad, para satisfacer la demanda de los usuarios por un periodo de 24 meses",5111,Agentes antitumorales,4229,0.19016281,4231,4227,,,
1057511-8-L123,HOSPITAL COMUNITARIO DE SALUD FAMILIAR DE BULNES,"Capacitación Atención integral del paciente adulto mayor HB. Establecer directrices para el desarrollo de acciones multidisciplinarias de atención integral a las necesidades de salud de las personas adultas mayores con un enfoque biológico, psicológico, funcional y social",8611,Sistemas educativos complementarios,8011,0.5729151,8611,8510,,,
1380-124-LE23,HOSPITAL DOCTOR HERNAN HENRIQUEZ ARAVENA,"PPTA 214 ADQUISICIÓN KIT CATÉTER DE INSERCIÓN PERIFÉRICA CATETER TROCAR. Las presentes bases se refieren a las condiciones y características técnicas requeridas para adquirir KIT CATÉTER DE INSERCIÓN PERIFÉRICA, CATETER TROCAR, en adelante: los Insumos, por el periodo de doce (12) meses, todo en concordancia al Plan Compras y Contrataciones año 2023 (PAC), Bases Administrativas y Técnicas, Requerimientos técnicos, detallados en el Anexo Nº 1 y otros anexos que constituyen el referido llamado a licitación",4222,Productos administrados por vía intravenosa y arterial,4229,0.5181595,4222,4214,,,
812261-35-L123,HOSPITAL CLINICO METROPOLITANO DE LA FLORIDA DOCTORA ELOISA DIAZ,SERVICIO EXAMEN ÁCIDOS BILIARES TOTALES. Las presentes bases de licitación son formuladas para establecer la regulación del proceso de adquisición del SERVICIO EXAMEN ÁCIDOS BILIARES TOTALES PARA HOSPITAL LA FLORIDA,8512,Medicina y servicios de salud,8011,0.27259758,8512,4220,,,
418-41-LE23,SERVICIO NACIONAL DE SALUD HOSPITAL DE PUERTO AYSEN,"SERVICIOS ENFERMERÍA GESTIÓN DE CAMAS  HOSPITAL. con la finalidad proveer del servicio profesional de Enfermería para la gestión de camas del Hospital, necesario para brindar una atención oportuna y efectiva a los pacientes que deben ser atendidos en el Hospital de Puerto Aysén",8011,Servicios de recursos humanos,8011,0.9210235,8510,9111,,,
1557-13-L123,SERVICIO SALUD ATACAMA HOSPITAL DE HUASCO,"COMPRA DE SERVICIO DE TRANSPORTE PARA PERSONAL DEL HOSPITAL DE HUASCO. COMPRA DE SERVICIO DE TRASLADO DE PERSONAL ADMINISTRATIVO, TECNICO Y/O PROFESIONAL DEL HOSPITAL DE HUASCO MANUEL MAGALHAES MEDLING, COMPRENDIDO EN 50 SERVICIOS LOCALES COMUNALES Y 6 SERVICIOS INTERCOMUNALES, CON FECHAS A DEFINIR DE ACUERDO A LAS NECESIDADES DEL HOSPITAL",7811,Transporte de pasajeros,8011,0.6508021,7811,8510,,,
621-291-LR23,CENTRAL DE ABASTECIMIENTO DEL SISTEMA NACIONAL DE SERVICIO DE SALUD,"GLUCOSA 30% SOL. INY. I.V.  AMFAM 20 ML  1000018272. BASES ADMINISTRATIVAS Y TÉCNICAS TIPO, POR LAS QUE SE REGIRÁN LOS PROCESOS DE LICITACIÓN PARA LA ADQUISICIÓN DE PRODUCTOS FARMACÉUTICOS, COSMÉTICOS, VACUNAS, INSUMOS, DISPOSITIVOS, Y/O ALIMENTOS DE USO MÉDICO, DESTINADO AL EJERCICIO DE ACCIONES DE SALUD",5119,Agentes que afectan el agua y los electrolitos,5114,0.23244894,5118,5113,,,
1057554-15-LQ23,SERVICIO NACIONAL DE SALUD HOSPITAL CARLOS VAN BUREN,CONTRATACIÓN DE SERVICIOS DE NEUROMONITOREO INTRAOPERATORIO PARA EL HOSPITAL CARLOS VAN BUREN. La necesidad del Hospital Carlos Van Buren de contratar servicios de neuromonitoreo intraoperatorio,8510,Servicios para el cuidado de la salud de las personas,8011,0.28428927,8512,7210,,,
2107-95-LE23,SERVICIO DE SALUD HOSPITAL DE SANTA CRUZ,"ARRIENDO DE SISTEMA DE CAPTURA COMP. CON PROC. FUJINON MODELO VP-4450HD. El Hospital Santa Cruz, a través de requerimiento de unidad de equipamiento médico surge la necesidad de efectuar arriendo de sistema de captura e informe por Data slide 3.0 debe ser reemplazado de acuerdo a informe proporcionado por empresa Zepeda Y compañía, quien mantiene un convenio de mantenimiento por medio de licitación pública ID 2107-117-LP21, debido a que ante una eventual falla de podría perder la totalidad de datos almacenados, debido a que dicho sistema de encuentra discontinuado y no tiene soporte técnico, en este sentido el proceso de licitación está orientado a arrendar un equipamiento que permita solucionar la problemática actual debido a la obsolescencia tecnológica de su equipamiento para dar continuidad y garantizar una adecuado registro de examen realizados a sus pacientes",4227,"Productos de resucitación, anestesia y respiratorios",4219,0.47551858,7315,4218,,,
1057389-21-LQ23,SERVICIO SALUD ARAUCANIA NORTE HOSPITAL VICTORIA,"SUMINISTRO DE MEDIOS DE CONTRASTE E INSUMOS. La presente licitación tiene como el objeto el suministro de medios de contraste e insumos para la Unidad de Imagenología del Hospital San José de Victoria, asociado a la entrega de equipamiento en comodato, con la finalidad de suplir las necesidades asistenciales de la institución",4220,Productos para imágenes y de medicina nuclear,4220,0.86607194,4214,4111,,,
1660-31-LE23,SERVICIO SALUD COQUIMBO HOSP DE SALAMANC,COMPRA DE SERVICIO DE NUTRICIONISTA.. CUBRIR BRECHA DE RECURSOS DE ATENCION DE NUTRICIONISTA PARA RESGUARDO DE ATENCION DE POBLACION DE PROGRAMA DE SALUD CARDIOVASCULAR EN ATENCION PRIMARIA. SE ADJUNTAN BASES TECNICAS Y ADMINISTRATIVAS,8011,Servicios de recursos humanos,8011,0.8806744,8512,8510,,,
886954-177-LQ23,HOSPITAL GUILLERMO GRANT BENAVENTE DE CO,Convenio anual en consignación de catéteres y stent. proveer al HGGB de los insumos necesarios para la atención oportuna de los pacientes,4214,Suministros y productos clínicos,4222,0.47339228,4227,4229,,,
1057491-76-LE23,SERVICIO DE SALUD ORIENTE HOSPITAL LUIS CALVO MACKENNA,"SUMINISTRO DEL SERVICIO DE EXAMENES DE ESTUDIO AN. LA ADQUISICIÓN, POR SISTEMA DE SUMINISTRO, DEL SERVICIO DE EXAMENES DE ESTUDIO ANATOMOPATOLOGICO DE MUESTRAS DE BIOPSIAS RENALES CON TRES TÉCNICAS PARA PACIENTES PEDIATRICOS DEL HOSPITAL LUIS CALVO MACKENNA",8512,Medicina y servicios de salud,8512,0.9016059,4111,4110,,,
4309-174-LQ23,HOSPITAL GUILLERMO GRANT BENAVENTE DE CO,CONVENIO SUMINISTRO QUIMICA-HEMATOLOGIA. SATISFACER LA NECESIDAD DEL HGGB,4111,Instrumentos de medida y experimentación,4111,0.9075488,3020,4110,,,
1108338-44-LE23,CONSULTORIO GENERAL N°2 DE LOS ANDES,COMPRA DE INSUMOS CLINICOS PROG APOYO A LA GESTION. COMPRA DE INSUMOS CLINICOS PROG APOYO A LA GESTION,4231,Productos para el cuidado de heridas,4231,0.35278928,4229,4214,,,
1057422-6-LE23,SERVICIO DE SALUD BIO BIO HOSPITAL DE YU,"Conv. de Suministros de Insumos Dentales H. Yumbel. El objetivo de la presente licitaciones es contar con un suministro capaz de abastecer de insumos dentales necesarios para el Servicio de Odontología del Hospital de Familia y Comunidad de Yumbel, durante los años 2023 y 2024.  Mediante las presentes bases, se pretende establecer las disposiciones que regirán la contratación del Convenio de Suministros Dentales para el Hospital de Yumbel, por un periodo de 24 meses, según la Solicitud de Adquisición N°33.901, emitida por el Sr. Cristian López Cifuentes, jefe de Servicios de Odontología del Hospital de la Familia y Comunidad de Yumbel",4215,Equipos y suministros odontológicos,4215,0.46620214,3020,4214,,,
1057490-22-LE23,Instituto de Neurocirugía,"SERVICIO MANTENCION PARA DESFIBRILADORES. PRIMERO: Que el Instituto de Neurocirugía Dr. Alfonso Asenjo, pertenece a la Red de Establecimientos Públicos de Salud y desde el año 2010 ostenta la calidad de Establecimiento Autogestionado en Red, lo cual implica una mayor complejidad técnica y de gestión respecto de los procedimientos que en esta institución se desarrollan  SEGUNDO: Que el Instituto de Neurocirugía Dr. Alfonso Asenjo se ha constituido, además, como una institución pública de referencia nacional de excelencia en el tratamiento de patologías neuroquirúrgicas de alta complejidad y dado ese carácter, recibe a pacientes derivados de cualquier centro hospitalario del país, lo cual implica un flujo constante de pacientes desde y hacia el Instituto TERCERO: Que con este fin de optimizar la labor asistencial y según Solicitud de Servicios N° 256 la Sub dirección de Operaciones requiere contratar el SERVICIO DE MANTENCIÓN PARA DESPFIBRILADORES PARA EL INSTITUTO DE NEUROCIRUGÍA DR. ALFONSO, POR UN PERIODO DE 27 MESES  CUARTO: Que revisado el catálogo de bienes y servicios ofrecidos en el Sistema de Información Mercado Público, se ha verificado la ausencia de contratos marcos vigentes para el servicio mencionado en el considerando TERCERO precedente QUINTO: Que corresponde asegurar la transparencia en este proceso y conocer las condiciones de oferta imperantes en el mercado bajo la modalidad de la licitación pública en el sistema de compras y contratación públicas establecido en la Ley N° 19.886 y su Reglamento  SEXTO: Que se ha estimado que el monto total de la contratación no superara la suma de 1.000 UTM, como gasto total del contrato SÉPTIMO Que existen en",4220,Productos para imágenes y de medicina nuclear,4219,0.19721997,7210,7811,,,
1057547-322-L123,SERVICIO DE SALUD VALDIVIA HOSPITAL BASE,Compra de Insumos de Laboratorio para el Hbv. Compra de Insumos de Laboratorio para el Hbv,3020,Estructuras prefabricadas,4111,0.42639947,3020,4110,,,
2107-84-LE23,SERVICIO DE SALUD HOSPITAL DE SANTA CRUZ,"INSUMOS UNIDADES CRITICAS PARA REPOSICIÓN DE STOCK UNIDAD LOGÍSTICA. El Hospital Santa Cruz, como establecimiento de salud requiere adquirir diversos dispositivos médicos para reposición de stock de acuerdo a planificación anual de compras para reposición de stock de bodegas de unidad logística, a fin de establecer las unidades necesarias para mantener un suministro constante de insumos utilizados en las atenciones de carácter medico a diversos pacientes que asisten a este centro asistencial",4227,"Productos de resucitación, anestesia y respiratorios",4214,0.56563747,4231,4229,,,
1979-67-LQ23,SERVICIO DE SALUD ARAUCANIA SUR HOSPITAL DE NUEVA IMPERIAL,77.23 ADQUISICIÓN DE INTERVENCIONES QUIRÚRGICAS DE HERNIAS PARA EL HOSPITAL DE NUEVA IMPERIAL.. Se requiere contratar los servicios integrales para resolver quirúrgicamente Intervenciones Quirúrgicas,8512,Medicina y servicios de salud,8512,0.6447524,8011,4229,,,
1075963-350-LE23,SERVICIO DE SALUD ARICA HOSP DR JUAN NOE CREVANI,"ADQUISICIÓN DE FARMACOS ORALES ALIMENTOS Y OTROS. ADQUISICIÓN DE FARMACOS ORALES, ALIMENTOS Y OTROS. LICITACION: SE DEBEN ADJUNTAR TODOS LOS ANEXOS CON SUS RESPECTIVAS FIRMAS DEL REPRESENTANTE LEGAL. SEGÚN LO INDICADO EN BASES ADMINISTRATIVA ART N°12: DE LA PRESENTACIÓN DE LA PROPUESTA",5114,Medicamentos para el sistema nervioso central,5114,0.4774826,5110,7310,,,
1058095-52-LE23,COMPLEJO ASISTENCIAL DR. SOTERO DEL RIO,"COMPRA EXTRA FCIA FOLIOS VARIOS 2° TRIME. 2023 9. COTIZAR: PRECIOS UNITARIOS NETOS, SOLO COTIZAR PRODUCTOS CON STOCK PARA DESPACHO INMEDIATO, Y CON VENCIMIENTO MAYOR A 12 MESES, INDICAR FACTOR EMPAQUE EN CADA LÍNEA COTIZADA E INDICAR EL NOMBRE DE LA MARCA OFERTADA",5111,Agentes antitumorales,5114,0.27205154,5110,5119,,,
1057489-254-LE23,SERVICIO DE SALUD ORIENTE HOSPITAL DEL SALVADOR,"Convenio de Suministro de Cinta de Gancho  por 36 meses  para el Hospital del Salvador. Que, el Hospital del Salvador necesita contar con un Convenio de Suministro de Cinta de Gancho  por 36 meses  para el Hospital del Salvador con la finalidad de satisfacer de manera adecuada y eficiente la labor asistencial",4224,"Productos medicinales para deportes, prostéticos y ortopédicos",4231,0.13668598,4214,4218,,,
1058014-4-LE23,SERVICIO DE SALUD ARAUCO HOSPITAL DE ARAUCO,"MEDICAMENTOS CENABAST MAYO 2023. El Hospital  de Arauco, requiere adquirir Medicamento  para el Servicio  de Farmacia del  Hospital Arauco, enmarcado en la MEDICAMENTOS CENABAST MAYO 2023, según especificaciones  Técnicas de las presentes bases de licitación",5114,Medicamentos para el sistema nervioso central,5110,0.5072573,5114,5118,,,
2258-91-LP23,SERVICIO DE SALUD ANTOFAGASTA HOSPITAL L,ADQUISICION DE INSUMOS DESIERTOS Y ORTOPEDICOS PARA UNIDAD DE TRAUMATOLOGIA. ADQUISICION DE INSUMOS DESIERTOS Y ORTOPEDICOS PARA UNIDAD DE TRAUMATOLOGIA,4224,"Productos medicinales para deportes, prostéticos y ortopédicos",4229,0.52849936,4214,4224,,,
1511-23-LE23,Hospital de Constitución,SUMINISTRO MANTENCION PREVENTIVA Y CORRECTIVA DE CLIMATIZADORES DE HOSPITAL DE CONSTITUCION. Dada la necesidad de contar con mantencion para equipos de climatizacion del Hospital de Constitucion,7210,"Servicios de atención, mantenimiento y reparaciones de edificios",7315,0.5146201,7210,4111,,,
2111-166-LQ23,HOSPITAL DE URGENCIA ASISTENCIA PUBLICA DR ALEJANDRO DEL RIO,"Adquisición de Medias Antiembólicas. Se requiere adquirir Medias Antiembólicas en tallas S-M-L-XL-XXL, para pacientes del HUAP",4231,Productos para el cuidado de heridas,4229,0.4163287,4218,4214,,,
1057055-31-LQ23,SERV SALUD METROPOLITANO CENTRAL HOSPITAL CLINICO SAN BORJA ARRIARAN,"GSP SUMINISTRO DE MEDICAMENTOS MICOFENOLATO MOFETIL Y SÓDICO. El objetivo de la Propuesta, es la adquisición de suministro de MEDICAMENTOS MICOFENOLATO MOFETIL Y SÓDICO para el Hospital Clínico San Borja Arriarán, solicitados en las especificaciones técnicas, en concordancia con las Bases Administrativas, Técnicas, Formularios, aclaraciones y otros documentos que pudieran formularse en el transcurso de la licitación.  Se entenderá que todo proveedor conoce y acepta irrevocablemente el contenido de estas Bases, por el solo hecho de presentar ofertas en este proceso de licitación",5120,Medicamentos inmunomoduladores,5110,0.25932625,5114,5120,,,
1620-19-LE23,SERVICIO DE SALUD HOSPITAL DE CHIMBARONGO,"Reactivos Equipo Química Clínica  y Orina. Adquisición de Reactivos Equipo Química Clínica  y Orina , para abastecer Laboratorio Clínico de Hospital de Mercedes Chimbarongo",4111,Instrumentos de medida y experimentación,4111,0.8788764,4110,3020,,,
1057472-39-LQ23,HOSPITAL CLINICO METROPOLITANO EL CARMEN DOCTOR LUIS VALENTIN FERRADA,"kits marcapasos unicameral y bicameral. Aprueba bases licitación pública y sus anexos para la adquisición de Suministro de kit marcapasos unicameral y bicameral, para Hospital El Carmen Dr. Luis Valentín Ferrada",4229,Productos quirúrgicos,4227,0.27380094,4229,4220,,,
3951-34-L123,CONSULTORIO GENERAL URBANO VICTOR DOMINGO SILVA,"ADQUISICIÓN DE AYUDAS TÉCNICAS GES PARA EL CONSULTORIO VÍCTOR DOMINGO SILVA, AÑO 2023. Se dispone llamado a Licitación Pública, para la adquisición de ayudas técnicas correspondientes a GES, para usuarios del Consultorio Víctor Domingo Silva",4219,Equipamiento para instalaciones médicas,4219,0.943708,4214,4224,,,
1047027-3-LQ23,HOSPITAL DE QUILPUE,"CONVENIO SUMINISTRO INMUNOGLOBULINA HUMANA. Estas bases de licitación orientan, fijan y determinan las normas y procedimientos por las que deben regirse las personas naturales y jurídicas interesadas en participar en el llamado a propuesta para la contratación de  CONVENIO SUMINISTRO INMUNOGLOBULINA HUMANA, por un período de 24 meses, de manera de satisfacer permanente, continua, adecuada, oportuna y eficientemente la labor asistencial encomendada al establecimiento",5120,Medicamentos inmunomoduladores,8512,0.38496256,5119,5110,,,
5184-91-LE23,SERVICIO DE SALUD DEL MAULE HOSPITAL DE LINARES,"INSUMOS CAJA ARTRODESIS DE TOBILLO. MEMO NRO 198, 12.04.2023 JEFE TRAUMATOLOGIA",4224,"Productos medicinales para deportes, prostéticos y ortopédicos",4229,0.25104585,4224,4214,,,
1057501-158-LQ23,COMPLEJO ASISTENCIAL DR. SOTERO DEL RIO,convenio de cajas o sistema maxilofacial 1.0. la necesidad de tratamiento para pacientes CASR,4229,Productos quirúrgicos,4224,0.59316087,4229,4214,,,
886954-164-LP23,HOSPITAL GUILLERMO GRANT BENAVENTE DE CO,Convenio suministro anual de insumos para la Unidad de Electrofisiologia del HGGB. Proveer al HGGB de los insumos necesarios para la atención oportuna de los pacientes,4222,Productos administrados por vía intravenosa y arterial,4227,0.28805232,4214,4222,,,
2125-41-L123,SERVICIO DE SALUD COQUIMBO HOSPITAL DR. HUMBERTO ELORZA CORTES,Reparacion de equipo nasofibroscopio. Solicitud de compra EQM-46-23 del 03.05.2023,7315,Servicios de apoyo o soporte a la fabricación,4220,0.29526547,4229,8512,,,
1057489-201-LE23,SERVICIO DE SALUD ORIENTE HOSPITAL DEL SALVADOR,"Convenio de Suministro de Ganchos Velasticados y Retractores de Coloproctología con evaluación de muestras por 24 meses para el Hospital del Salvador. Que, el Hospital del Salvador necesita contar con un Convenio de Suministro de Ganchos Velasticados y Retractores de Coloproctología con evaluación de muestras por 24 meses para el Hospital del Salvador con la finalidad de satisfacer de manera adecuada y eficiente la labor asistencial  Que, por la cuantía determinada, la presente licitación se ubica en el tramo para aquellas contrataciones iguales o superiores a 100 UTM e inferiores a 1.000 UTM, en conformidad al Artículo 19º bis del Reglamento de la Ley Nº19.886",4229,Productos quirúrgicos,4231,0.23658456,4229,4214,,,
1057472-53-LQ23,HOSPITAL CLINICO METROPOLITANO EL CARMEN DOCTOR LUIS VALENTIN FERRADA,"Reactivos de VHS con equipo necesario para su administración. El Hospital el Carmen Dr. Luis Valentín Ferrada, indistintamente el Hospital, requiere la Adquisición de Reactivos de VHS con equipo necesario para su administración, de acuerdo con las condiciones establecidas en las presentes bases administrativas y técnicas y sus anexos. La forma de la presente licitación pública corresponde a aquellas contrataciones superiores a 2000 UTM e inferiores a 5000 UTM",4111,Instrumentos de medida y experimentación,4111,0.6242237,4229,4110,,,
5054-12-LQ23,SERVICIO DE SALUD DEL MAULE HOSPITAL DE TALCA,"Arriendo torre de endoscopia servicio ORL. El objetivo de la presente licitación, es arrendar 01 torre de endoscopia con opción de compra para Otorrino +  Videoendoscopio+ Optica, con el fin de asegurar el abastecimiento en calidad y oportunidad, para satisfacer la demanda de los usuarios. Cabe señalar que arriendo de equipo se pagará mensualmente, por lo cual se debe ofertar valor fijo mensual por el periodo de 24 meses, al término del cual pasarán a ser propiedad del Hospital Regional de Talca, mediante entrega de los mismos, que el oferente se obliga en este acto a formalizar en el plazo de 10 días hábiles contados desde el término del plazo de arrendamiento señalado.  Se hace presente que la adquisición final de estos bienes por parte del Hospital de Talca se hará en todo caso a título gratuito sin que implique desembolso alguno de recursos financieros. El oferente, deberá señalar en su oferta, la persona responsable/técnico que realizará el acompañamiento en el proceso de arriendo. El transporte, instalación y puesta en marcha de los equipos de arriendo deben ser efectuados sin costos para el Hospital de Talca.  Para lo solicitado en arriendo, en la presente licitación, el oferente participante de este proceso, deberá considerar la entrega de lo solicitado en la licitación",4229,Productos quirúrgicos,4229,0.1571538,4218,4110,,,
1058132-18-LQ23,SERVICIO DE SALUD DE TALCAHUANO HOSPITAL,"Compra por Suministro de CeftolozanoTazobactam 15 MG FA. La necesidad de comprar MEDICAMENTO para su entrega a los pacientes beneficiarios, atendidos en el Hospital Las Higueras",5110,Medicamentos anti infecciosos,5118,0.21919689,5110,5114,,,
2125-48-L123,SERVICIO DE SALUD COQUIMBO HOSPITAL DR. HUMBERTO ELORZA CORTES,Linea para Infusomat tipo IV estandar. Reposicion de stock en bodega,4222,Productos administrados por vía intravenosa y arterial,4229,0.31561682,4222,3020,,,
1057540-42-LE23,SERVICIO SALUD TALCAHUANO HOSPITAL PENCO-LIRQUEN,"REPARACION PISO VESTIDORES HPL. Que, el Hospital Penco-Lirquén, requiere contar con el CONVENIO SERVICIO MANTENIMIENTO Y REPARACION DE PISO VESTIDORES HPL requerido por el Área de recursos físicos del establecimiento, de acuerdo a la solicitud 43 del año 2023",7210,"Servicios de atención, mantenimiento y reparaciones de edificios",7210,0.68275845,7213,7315,,,
418-28-LE23,SERVICIO NACIONAL DE SALUD HOSPITAL DE PUERTO AYSEN,"COMPRA DE SERVICIOS AUXILIARES CONDUCTORES HPA. COMPRA DE SERVICIOS AUXILIARES CONDUCTORES DEL HOSPITAL DE PUERTO AYSEN, con la finalidad proveer del servicio de auxiliar conductor de ambulancia para la Unidad de Movilización del Hospital, necesario para realizar traslados de pacientes del Policlínico del Hospital y auxiliar conductor para la Unidad de Movilización del Hospital, necesario para realizar traslados de personal e insumos entre dispositivos de saludos del Hospital",8011,Servicios de recursos humanos,8011,0.8348787,8510,7811,,,
1057500-46-LE23,SERVICIO DE SALUD METROPOLITANO SUR ORIENTE,Servicio de transporte para 10 equipos. Contratación de Servicio para Transporte para Equipos de Sistema Intersectorial,7811,Transporte de pasajeros,7811,0.420498,4220,4219,,,
652-50-L123,SERVICIO DE SALUD ARAUCO,"Adquisicion Bergere superficie lavable. Adquisicion de Bergere con superficie lavable para Hospital Kalvu Llanka. Adquisicion segun Solicitud de Compra Nro. 111, decreto MINSAL Nro.241",4219,Equipamiento para instalaciones médicas,4214,0.18834883,4229,4220,,,
1002772-43-LQ23,SERVICIO SALUD OCCIDENTE HOSPITAL DR FELIX BULNES CERDA,"SUMINISTRO DE SENSOR DE SATURACIÓN SOMATICO. Las presentes Bases constituyen el instrumento rector con el fin de suscribir un CONVENIO DE SUMINISTRO DE SENSOR DE SATURACIÓN SOMÁTICO NEONATAL PARA MENORES DE 5KG PARA EL SERVICIO DE NEONATOLOGÍA del Hospital Dr. Félix Bulnes Cerda, por un periodo de 24 meses. Éstas, establecen los fines, condiciones y requisitos que deberán ser cumplidos por los oferentes, en todas y cada una de las partes que conformen su oferta y además de regular el todo el proceso licitatorio hasta la suscripción del correspondiente contrato y su ejecución",4229,Productos quirúrgicos,5110,0.114249095,5119,8011,,,
1057417-148-LP23,COMPLEJO ASISTENCIAL DR.VICTOR RIOS RUIZ,"SERVICIOS DE TECNÓLOGOS MÉDICOS PARA CIRUGÍAS VARIAS. Existe la necesidad de compra de servicios de SERVICIOS DE TECNÓLOGOS MÉDICOS PARA CIRUGÍAS VARIAS, para la atención de pacientes, usuarios y beneficiarios de la Ley N° 18.469 del Complejo Asistencial Dr. Víctor Ríos Ruiz",8512,Medicina y servicios de salud,8512,0.88590354,8510,8011,,,
1540-86-LE23,SERVICIO DE SALUD MAGALLANES HOSPITAL DE PTO NATALES,"SERVICIO PROFESIONAL MEDICO SUBESPECIALIDAD NEFROLOGO. Que, mediante Solicitud de Compra N°137 de Subdirección Medica (S), Dra. Fernanda Rifo Sedini, autorizado por la Subdirección Administrativa (S), solicita establecer el servicio de Profesional medico de Subespecialidad Nefrólogo que cuente con la formación, experiencia, especialización y conocimientos técnicos, con el objeto de realizar asistencia técnica mensual al servicio de Diálisis del Hospital Dr. Augusto Essmann Burgos por un periodo de 12 meses",8011,Servicios de recursos humanos,8011,0.9727629,7213,8512,,,
1692-9-LE23,SERVICIO NACIONAL DE SALUD HOSPITAL DE COCHRANE,"servicios de mantenciones preventivas y reparacion. Que, se hace indispensable adquirir el mantenimiento preventivo del sistema de CCTV y central de incendios del Hospital Cochrane, con el fin de contar con estos sistemas de apoyo 100% operativos en caso de requerirlos",7315,Servicios de apoyo o soporte a la fabricación,7210,0.8601249,7315,8011,,,
1057544-194-LE23,SERVICIO DE SALUD DE TALCAHUANO HOSPITAL,"CONTRATACIÓN DE SERVICIOS DE TECNÓLOGO MÉDICO PARA REALIZAR ENCASETAMIENTO Y PROCESAMIENTO DE MUESTRA DE BIOPSIA EN EL C.C. ANATOMÍA PATOLÓGICA DE HOSPITAL LAS HIGUERAS. contratar servicios para estudiar un promedio de 21.600 muestras de biopsias, extraídas de pacientes beneficiarios, con el fin de realizar Encasetamiento de la biopsia y obtención final de una placa histológica HE y procedimientos de Técnicas especiales y/o Técnicas Inmunohistoquímicas y/o Procesamiento de citología miscelánea y/o realización de biopsia intraoperatoria, de acuerdo al requerimiento",8512,Medicina y servicios de salud,8512,0.9122012,8011,8510,,,
1057486-23-LP23,DIRECCION SERVICIO SALUD METROPOLITANO O,"Capacitación para equipos de APS. El Servicio De Salud Metropolitano Oriente, requiere contratar servicios de capacitación para equipos de APS, para el fortalecimiento de competencias en el cuidado integral de las personas con condiciones crónicas, en el contexto de multimorbilidad año 2023 del Servicio de Salud Metropolitano Oriente",8611,Sistemas educativos complementarios,8011,0.7852735,8611,8510,,,
1057552-2-LE23,SERVICIO DE SALUD VALDIVIA HOSPITAL DE R,Convenio suministro de mantenimiento y obras menores Hospital de Río Bueno. De acuerdo a lo estipulado en la Resolución Exenta N° 1406 de fecha 17.04.2023,7213,Construcción de edificios en general,7213,0.76707333,7210,7315,,,
924-37-L123,SUBSECRETARIA DE SALUD PUBLICA,"ADQ 2023-16. Adquisición de ensayos de competencia e intercomparación de microbiología.. La Seremi de Salud RM requiere adquirir para su Laboratorio de Salud Publica Ambiental y Laboral, servicios para Área Microbiología",4111,Instrumentos de medida y experimentación,4111,0.4823159,4110,3020,,,
621-371-LQ23,CENTRAL DE ABASTECIMIENTO DEL SISTEMA NACIONAL DE SERVICIO DE SALUD,"MALLA POLIPROPILENO 15 X 15 CM PHERNIA 1000018308. BASES ADMINISTRATIVAS Y TÉCNICAS TIPO, POR LAS QUE SE REGIRÁN LOS PROCESOS DE LICITACIÓN PARA LA ADQUISICIÓN DE PRODUCTOS FARMACÉUTICOS, COSMÉTICOS, VACUNAS, INSUMOS, DISPOSITIVOS, Y/O ALIMENTOS DE USO MÉDICO, DESTINADO AL EJERCICIO DE ACCIONES DE SALUD",4229,Productos quirúrgicos,5118,0.20002526,5114,5111,,,
1058095-18-LE23,COMPLEJO ASISTENCIAL DR. SOTERO DEL RIO,Convenio 6 medicamentos orales por 24 meses. La necesidad de contar con medicamentos,5114,Medicamentos para el sistema nervioso central,5114,0.825209,5110,5118,,,
1057543-23-LP23,SERVICIO DE SALUD TALCAHUANO HOSPITAL DE,Servicio de apoyo de enfermeria. Servicio de apoyo de enfermería,8510,Servicios para el cuidado de la salud de las personas,8011,0.98757696,8510,4220,,,
621-282-LQ23,CENTRAL DE ABASTECIMIENTO DEL SISTEMA NACIONAL DE SERVICIO DE SALUD,"METFORMINA 1000 MG CM REC 1000018092. BASES ADMINISTRATIVAS Y TÉCNICAS TIPO, POR LAS QUE SE REGIRÁN LOS PROCESOS DE LICITACIÓN PARA LA ADQUISICIÓN DE PRODUCTOS FARMACÉUTICOS, COSMÉTICOS, VACUNAS, INSUMOS, DISPOSITIVOS, Y/O ALIMENTOS DE USO MÉDICO, DESTINADO AL EJERCICIO DE ACCIONES DE SALUD",5118,Hormonas y antagonistas hormonales,5118,0.24609232,5114,5111,,,
2101-97-LE23,HOSPITAL INTERCULTURAL KALLVU LLANKA.-,"INSUMOS CLÍNICOS. Mediante la presente propuesta pública el Hospital Intercultural Kallvu Llanka invita a oferentes, personas naturales que tributen en primera categoría o jurídicas a participar de una licitación pública correspondiente a la adquisición de INSUMOS CLÍNICOS, con el objetivo de abastecer stock de bodega de insumos",4222,Productos administrados por vía intravenosa y arterial,4214,0.16674756,4231,4218,,,
1002772-67-LE23,SERVICIO SALUD OCCIDENTE HOSPITAL DR FELIX BULNES CERDA,"SUMINISTRO DE CUBIERTA DE MESA ARSENALERA. Las presentes Bases constituyen el instrumento rector con el fin de suscribir un CONVENIO DE SUMINISTRO DE CUBIERTA DE MESA ARSENALERA DESECHABLE ESTERIL CON MEDIDAS 125X228 CMS PARA EL HOSPITAL DR. FELIX BULNES CERDA. Éstas, establecen los fines, condiciones y requisitos que deberán ser cumplidos por los oferentes, en todas y cada una de las partes que conformen su oferta y además de regular el todo el proceso licitatorio hasta la suscripción del correspondiente contrato y su ejecución",4213,Vestuario clínico,4231,0.13735926,4229,5111,,,
2125-50-L123,SERVICIO DE SALUD COQUIMBO HOSPITAL DR. HUMBERTO ELORZA CORTES,Equipos de infusión para la administración de nutrición enteral. Solicitud de compra BFI-33-23 del 14.06.2023,4223,Nutrición clínica,4218,0.19115552,4229,5119,,,
705290-12-LE23,SERVICIO SALUD OCCIDENTE HOSPITAL DR FELIX BULNES CERDA,"FRACCIONAMIENTO DE CAPSULAS Y JARABES. Las presentes Bases constituyen el instrumento rector con el fin de suscribir un CONVENIO DE PRESTACION DE SERVICIOS DE FRACCIONAMIENTO DE CÁPSULAS Y JARABES, por un periodo de 24 meses, para el Hospital Dr. Félix Bulnes Cerda. Éstas, establecen los fines, condiciones y requisitos que deberán ser cumplidos por los oferentes, en todas y cada una de las partes que conformen su oferta y además de regular el todo el proceso licitatorio hasta la suscripción del correspondiente contrato y su ejecución",7310,Industrias de plásticos y productos químicos,8011,0.14331077,5110,5114,,,
621-129-LR23,CENTRAL DE ABASTECIMIENTO DEL SISTEMA NACIONAL DE SERVICIO DE SALUD,"KETOROLACO 30 MGML SOL.INY. AMFAM 1 ML 1000018047. BASES ADMINISTRATIVAS Y TÉCNICAS TIPO, POR LAS QUE SE REGIRÁN LOS PROCESOS DE LICITACIÓN PARA LA ADQUISICIÓN DE PRODUCTOS FARMACÉUTICOS, COSMÉTICOS Y/O ALIMENTOS DE USO MÉDICO, DESTINADO AL EJERCICIO DE ACCIONES DE SALUD",5114,Medicamentos para el sistema nervioso central,5114,0.32323864,5118,5110,,,
1057918-2-LE23,SERVICIO DE SALUD LIBERTADOR BDO OHIGGINS,EQUIPOS E INSTRUMENTAL QUIRURGICO DENTAL. ADQUISICION DE EQUPOS E INSTRUMENTOS QUIRURGICOS DENTAL PARA LOS ESTABLECIMIENTOS DE LA RED ASISTENCIAL DE SALUD,3020,Estructuras prefabricadas,4215,0.78152597,4229,3020,,,
1057547-300-LE23,SERVICIO DE SALUD VALDIVIA HOSPITAL BASE,"COMPRA SERVICIOS DE EQUIPO QUIRURGICO TRAUMA. COMPRA SERVICIOS DE EQUIPO QUIRURGICO PARA INTERVENCIONES DE CIRUGIAS TRAUMATOLOGICAS DE MEDIANA, INTERMEDIA Y BAJA COMPLEJIDAD PARA RESOLUCION DE PACIENTES EN LISTA DE ESPERA QUIRURGICA GES Y NO GES SEGUN PLAN DE RESOLUCION MINSAL AÑO 2023",8512,Medicina y servicios de salud,8512,0.9339928,8011,8510,,,
4375-36-LQ23,HOSPITAL GUILLERMO GRANT BENAVENTE DE CO,"SUMINISTRO DE ARTICULOS PROGRAMACION ASEO. La necesidad de efectuar licitación pública SUMINISTRO DE ARTICULOS PROGRAMACION ASEO, con la finalidad de contar con insumos vitales para el lavado, limpieza y desinfección de los espacios de trabajo e implementos utilizados para el ejercicio de las actividades laborales de cada funcionario, principalmente del servicio de alimentación, Psiquiatría, Sedile, entre otros, además de útiles de aseo e higiene utilizados esencialmente por los pacientes de las UCI médicas y/o alguna otra unidad que lo requiera",4713,Suministros de limpieza,7611,0.53766954,4713,1411,,,
1057049-127-LE23,SERV SALUD METROPOLITANO CENTRAL HOSPITAL CLINICO SAN BORJA ARRIARAN,"SMG. ADQUISICIÓN  DE TROCAR MIELOGRAMA CATETER CON INTRODUCTOR Y OTROS INSUMOS PARA  LOS SERVICIOS CLINICO. El objetivo de la Propuesta es la adquisición de Trocar Mielograma, Catéter Con Introductor Y Otros Insumos para los Servicios Clínicos del Hospital Clínico San Borja Arriarán, solicitados en las especificaciones técnicas, en concordancia con las Bases Administrativas, Técnicas, Formularios, aclaraciones y otros documentos que pudieran formularse en el transcurso de la licitación.  Se entenderá que todo proveedor conoce y acepta irrevocablemente el contenido de estas Bases, por el solo hecho de presentar ofertas en este proceso de licitación",4220,Productos para imágenes y de medicina nuclear,4229,0.25056338,4214,4222,,,
1057544-198-LE23,SERVICIO DE SALUD DE TALCAHUANO HOSPITAL,"Compra por suministro de transductores y tocotransductores para monitoreo cardiofetal. Compra por suministro de Transductores y Tocotransductores para monitoreo cardiofetal, por un periodo de 12 meses",4220,Productos para imágenes y de medicina nuclear,8512,0.10974089,5110,4220,,,
1057512-21-LE23,SERVICIO DE SALUD NUBLE HOSPITAL DE YUNG,"ATENCIÓN ODONTOLÓGICA INTEGRAL A MUJERES MÁS SONRISAS PARA CHILE PARA EL HOSPITAL COMUNITARIO DE SALUD FAMILIAR DE YUNGAY. El Hospital Comunitario de Salud  Familiar Pedro Morales Campos de Yungay, requiere la contratación de los servicios de Odontólogo para dar cumplimiento al Programa ATENCIÓN ODONTOLÓGICA INTEGRAL A MUJERES MÁS SONRISAS PARA CHILE, para usuarias beneficiarias de este establecimiento,  de acuerdo a requerimientos especificados en Bases Administrativas y Técnicas de la presente licitación. Se pretende obtener la mejor calidad y oportunidad en la prestación de los servicios a un precio conveniente",8512,Medicina y servicios de salud,8011,0.3478011,4219,7811,,,
699866-79-LE23,SERVICIO DE SALUD DEL MAULE HOSPITAL DE TALCA,"CONVENIO PARA UNIDAD PROCEDIMIENTOS ENDOSCÓPICOS Y OTRAS UNIDADES. El objetivo de la presente licitación, es el CONVENIO PARA UNIDAD PROCEDIMIENTOS ENDOSCÓPICOS Y OTRAS UNIDADES para el Hospital Regional de Talca, con el fin de asegurar el abastecimiento en calidad y oportunidad, para satisfacer la demanda de los usuarios",4223,Nutrición clínica,4229,0.4334007,4231,4214,,,
1558-18-L123,SERVICIO DE SALUD ATACAMA HOSPITAL FLORENCIO VARGAS DIAZ,Compra de reactivos e insumos quirúrgicos para laboratorio. Compra de reactivos e insumos quirúrgicos para laboratorio mes de mayo,4110,Equipos e insumos para laboratorio,4111,0.6683578,3020,4110,,,
1973-45-LE23,CENTRO DE REFERENCIA DE SALUD DE PENALOLEN CORDILLERA ORIENTE,"SERVICIOS DE MANTENCIÓN PARA ASCENSORES. La propuesta comprende la contratación del Servicio de mantención de ascensores, de acuerdo con lo señalado en las Bases Técnicas, por un período de treinta y seis 36 meses para el Centro de Referencia de Salud de Peñalolén Cordillera Oriente ubicado en Av. Las Torres N° 5100 de la comuna de Peñalolén. Se entenderá que todo proveedor conoce y acepta irrevocablemente el contenido de estas Bases, por el solo hecho de presentar ofertas en este proceso de compra. Las características o especificaciones técnicas se evaluarán en base a la oferta que cumpla con los requisitos señalados en las bases y la idoneidad y calidad técnica del oferente, con el objeto de asegurar que el adjudicatario se ajuste a los requisitos que el CRSCO ha especificado para la ejecución del contrato licitado. Formarán parte integrante de estas bases sus eventuales aclaraciones, rectificaciones, enmiendas, formularios y sus anexos todo ello debidamente publicado en el portal Mercado Público",7210,"Servicios de atención, mantenimiento y reparaciones de edificios",7210,0.5481522,4215,3020,,,
2146-34-LE23,SERVICIO DE SALUD COQUIMBO HOSPITAL DE ANDACOLLO,"Contratación serv. mantención sistema calefacción. subsanar todas las fallas que presenta sistema de agua caliente sanitaria y calefacción Hospital de Andacollo logrando mantener un servicio continuo de calefacción y agua sanitaria durante el año en curso, considerando Solicitud de compra N° 01  fecha 03 de enero 2023, que adjunta antecedentes de respaldo por D. Jessenia Andia Varas, ingeniera en prevención de Riesgos del Hospital de Andacollo",7210,"Servicios de atención, mantenimiento y reparaciones de edificios",7210,0.41992894,8011,7315,,,
1057049-184-LQ23,SERV SALUD METROPOLITANO CENTRAL HOSPITAL CLINICO SAN BORJA ARRIARAN,JLL CONTRATACION DE SERVICIOS DE TURNOS DE PERSONAL PARA LABORES DE MANTENCION FUS 9682023 HOSPITAL CLINICO SAN BORJA. JLL CONTRATACIÓN DE SERVICIOS DE TURNOS DE PERSONAL PARA LABORES DE MANTENCIÓN PARA ASEGURAR EL CORRECTO FUNCIONAMIENTO DE LA INFRAESTRUCTURA DEL HOSPITAL CLÍNICO SAN BORJA ARRIARÁN FUS 968/2023,8011,Servicios de recursos humanos,8011,0.8362679,8510,8512,,,
1552-11-LP23,SERVICIO DE SALUD ATACAMA,"CAJAS LAPAROSCOPIA - CLASE INSTRUMENTAL. ADQUISICIÓN DE EQUIPOS NECESARIOS PARA LA IMPLEMENTACIÓN DEL PROYECTO: REPOSICIÓN YO ADQUISICIÓN DE TORRE Y CAJAS DE LAPAROSCOPIA PARA LOS ESTABLECIMIENTOS DE LA RED ASISTENCIAL DE SALUD, CLASE INSTRUMENTAL",4229,Productos quirúrgicos,4229,0.97496015,4218,3020,,,
1057402-68-LE23,HOSPITAL CLINICO DE MAGALLANES DR. LAUTARO NAVARRO AVARIA,"INSUMOS ODONTOLOGÍA GENERAL REPASO. El propósito de la licitación es contar con contratos de suministro de INSUMOS ODONTOLOGÍA GENERAL REPASO, y que permitan el aprovisionamiento oportuno de los productos necesarios en la atención de los usuarios del Hospital para los años 2023 al 2024, en las circunstancias que estos productos no fueran provistos por la Central Nacional de Abastecimiento de los Servicios de Salud, ni se encuentren disponibles en catálogos electrónicos del Convenio Marco o en las Compras Coordinadas yo Conjuntas del Ministerio de Salud, o bien su adquisición sea desventajosa respecto al resultado de la presente licitación, cuyas condiciones más ventajosas serán informadas en la oportunidad correspondiente a la Dirección de Compras, en conformidad con lo dispuesto en el artículo 15 del D.S. Nº 250, de 2004, del Ministerio de Hacienda.  El contrato de suministro anteriormente indicado se hará efectivo cada vez que sea necesario, a través de la emisión de órdenes de compra enviadas al proveedor adjudicado mediante la plataforma www.mercadopublico.cl.  Sin perjuicio de lo anterior, durante todo el periodo de vigencia del contrato, los productos serán solicitados en la oportunidad del mes que el Hospital estime pertinente, comprometiéndose el oferente adjudicado a difundir esta modalidad de compra a todas las instancias que participan en su proceso de ventas",3020,Estructuras prefabricadas,4215,0.19148237,8512,3020,,,
1057385-17-LE23,SERVICIO DE SALUD ANTOFAGASTA HOSPITAL 21 DE MAYO TALTAL,MANTENCIONPREVENTIVA Y CORRECTIVA DE GASES CLINICO. MANTENCION PREVENTIVA Y CORRECTIVA DE GASES CLINICOS SOLICITUD COMPRA N° 213 DE RAUL ACUÑA LEIVA SE ADJUNTAN ESPECIFICACIONES ADM. Y  TECNICAS,4227,"Productos de resucitación, anestesia y respiratorios",4219,0.2915353,1214,7315,,,
4375-81-LE23,HOSPITAL GUILLERMO GRANT BENAVENTE DE CO,"GASA ESTERIL  de 5X100 CMS. El HGGB requiere contar con un convenio suministro para adquirir gasa estéril DE 5*100 CMS utilizada en los pabellones del HGGB, consumo para cubrir programación en bodega de General de Insumos por 24 meses",4229,Productos quirúrgicos,4231,0.575283,4214,4229,,,
699866-74-LE23,SERVICIO DE SALUD DEL MAULE HOSPITAL DE TALCA,CONVENIO DE DIFERENTES TIPOS DE INSUMOS. CONVENIO DE DIFERENTES TIPOS DE INSUMOS,4231,Productos para el cuidado de heridas,4215,0.15322088,3020,4220,,,
1057540-62-LE23,SERVICIO SALUD TALCAHUANO HOSPITAL PENCO-LIRQUEN,"CONVENIO MANTENIMIENTO PREVENTIVO CORRECTIVO DE PUERTAS AUTOMATICAS PABELLON. CONVENIO MANTENIMIENTO PREVENTIVO, CORRECTIVO DE PUERTAS AUTOMATICAS PABELLON, UNIDAD SERVICIOS GENERALES",7210,"Servicios de atención, mantenimiento y reparaciones de edificios",7210,0.75457406,7315,8011,,,
1057540-71-LE23,SERVICIO SALUD TALCAHUANO HOSPITAL PENCO-LIRQUEN,"Mantenimiento de Equipos Médicos.. El objetivo de la presente licitación, es contar con un Convenio de suministro para el mantenimiento preventivo, correctivo y de emergencia para equipos de Laparoscopia y Artroscopia para el Hospital Penco Lirquén, por un periodo de 24 meses",7315,Servicios de apoyo o soporte a la fabricación,7315,0.41742808,4229,4218,,,
2125-13-LQ23,SERVICIO DE SALUD COQUIMBO HOSPITAL DR. HUMBERTO ELORZA CORTES,suministro de pack quirurgicos y comodato de equip. Solicitado por SDA-10-23 de fecha 24-03-2023,4213,Vestuario clínico,4229,0.50854963,8512,4218,,,
2258-98-LP23,SERVICIO DE SALUD ANTOFAGASTA HOSPITAL L,"SERV OBRAS MEJORAMIENTO JARDIN LOS PILLUELOS. SERVICIO DE OBRAS PARA MEJORAMIENTO DE JARDIN INFANTIL LOS PILLUELOS, ANEXO HOSPITAL REGIONAL DE ANTOFAGASTA objetivo primordial de realizar un Proyecto de Mejoramiento del Jardín Infantil ubicado en el Anexo Hospital Regional, Avenida Argentina Nº 1962  a través del Servicio de Obra completa con la provisión de personal, materiales y todo lo necesario para la realización de las obras, detalladas en las Bases Técnicas y Anexos de Planos de Arquitectura de la presente licitación",7213,Construcción de edificios en general,8011,0.82073295,7213,9111,,,
652-18-LE23,SERVICIO DE SALUD ARAUCO,"ADQUISICIÓN DE MESA QUIRÚRGICA HOSPITAL CAÑETE. Cuyo objetivo de esta adquisición, es permitir al cirujano el posicionamiento de los pacientes durante los diferentes procedimiento quirúrgicos lo que permite tener un buen acceso al campo quirúrgico",4229,Productos quirúrgicos,8512,0.32206747,4213,4229,,,
1057501-125-LQ23,COMPLEJO ASISTENCIAL DR. SOTERO DEL RIO,Convenio Vástago cementado. la necesidad de tratamiento para pacientes CASR,4224,"Productos medicinales para deportes, prostéticos y ortopédicos",4224,0.433425,4214,4218,,,
1058062-5-LE23,SERVICIO DE SALUD DEL MAULE HOSPITAL DE CAUQUENES,"FÁRMACOS SERVICIO PEDIATRÍA. ADQUISICIÓN DE FÁRMACOS PARA SERVICIO PEDIATRIA PARA EL HOSPITAL DE CAUQUENES, SEGÚN PROGRAMACIONES MENSUALES Y NECESIDADES DE LA INSTITUCIÓN, SE SOLICITA A LOS OFERENTES LEER BASES TÉCNICAS Y ADMINISTRATIVAS ADJUNTAS COMO ANEXOS",5110,Medicamentos anti infecciosos,7310,0.32094222,5114,7811,,,
1641-103-LE23,SERVICIO DE SALUD OCCIDENTE HOSPITAL SAN JUAN DE DIOS,"JLG - ADAPTADOR PERFUSION EN Y E PARCHE TEFLON. El objeto de la presente licitación es la adquisición de ADAPTADOR PERFUSION EN Y E PARCHE TEFLON, 24 meses",4214,Suministros y productos clínicos,4229,0.3177865,4231,4220,,,
1671-11-LE23,SUBSECRETARIA DE SALUD PUBLICA,"Arriendo 2 camionetas 4x4 con kit minero Seremi de. Proveer el Arriendo 2 camionetas 4x4 con kit minero Seremi de Salud Atacama, que permita contar con equipos en buen estado para realizar sus funciones y mantener la operatividad que garanticen el adecuado funcionamiento de los equipos técnicos mientras dure el servicio contratado",7811,Transporte de pasajeros,7811,0.51151574,4229,4214,,,
956-56-LP23,SERVICIO DE SALUD VALPARAISO SAN ANTONIO,"Adquisición de Equipos Dentales para el Proyecto Normalización Hospital San José de Casablanca. La necesidad de realizar un proceso de licitación para la Adquisición de Equipos Dentales para el Proyecto Normalización Hospital San José de Casablanca, requeridos por la Subdirección de Desarrollo Institucional de la Dirección del Servicio de Salud Valparaíso  San Antonio",3020,Estructuras prefabricadas,3020,0.40971538,4218,4219,,,
621-405-LR23,CENTRAL DE ABASTECIMIENTO DEL SISTEMA NACIONAL DE SERVICIO DE SALUD,"MEDIAS ANTIEMBOL COMPR GRAD TALLA M X PR 1000018350. BASES ADMINISTRATIVAS Y TÉCNICAS TIPO, POR LAS QUE SE REGIRÁN LOS PROCESOS DE LICITACIÓN PARA LA ADQUISICIÓN DE PRODUCTOS FARMACÉUTICOS, COSMÉTICOS, VACUNAS, INSUMOS, DISPOSITIVOS, Y/O ALIMENTOS DE USO MÉDICO, DESTINADO AL EJERCICIO DE ACCIONES DE SALUD",4231,Productos para el cuidado de heridas,5110,0.17031018,5114,5118,,,
1058012-15-LR23,HOSPITAL CLINICO DE MAGALLANES DR. LAUTARO NAVARRO AVARIA,"MEDICAMENTOS ONCOLÓGICOS INYECTABLES HCM 2024-2025. El propósito de la licitación es contar con contratos de suministro de MEDICAMENTOS ONCOLÓGICOS INYECTABLES HCM 2024-2025, que permitan el aprovisionamiento oportuno de los productos necesarios en la atención de los usuarios del Hospital para los años 2024 - 2025, en las circunstancias que estos productos no fueran provistos por la Central Nacional de Abastecimiento de los Servicios de Salud, ni se encuentren disponibles en catálogos electrónicos del Convenio Marco o en las Compras Coordinadas y/o Conjuntas del Ministerio de Salud, o bien su adquisición sea desventajosa respecto al resultado de la presente licitación, cuyas condiciones más ventajosas serán informadas en la oportunidad correspondiente a la Dirección de Compras, en conformidad con lo dispuesto en el artículo 15 del D.S. Nº 250, de 2004, del Ministerio de Hacienda.  El contrato de suministro anteriormente indicado se hará efectivo cada vez que sea necesario, a través de la emisión de órdenes de compra enviadas al proveedor adjudicado mediante la plataforma www.mercadopublico.cl.  Sin perjuicio de lo anterior, durante todo el periodo de vigencia del contrato, los productos serán solicitados en la oportunidad del mes que el Hospital estime pertinente, comprometiéndose el oferente adjudicado a difundir esta modalidad de compra a todas las instancias que participan en su proceso de ventas",5111,Agentes antitumorales,5111,0.2107416,8512,4111,,,
2199-7-LE23,INSTITUTO NACIONAL DE GERIATRIA PRESIDENTE EDO FREI MONTALVA,"SERVICIO DE OXIGENOTERAPIA DOMICILIARIA POR 36 MES. El Instituto Nacional de Geriatría, en adelante el INGER, requiere la Contratación del Servicio de Oxigenoterapia Domiciliaria, por un periodo de 36 meses de acuerdo a las condiciones establecidas en las presentes bases administrativas, técnicas y sus anexos",1214,Metales y gases,8011,0.18399283,1214,9210,,,
1057385-11-LE23,SERVICIO DE SALUD ANTOFAGASTA HOSPITAL 21 DE MAYO TALTAL,CURSOS  MANEJO PLANTA DE OSMOSIS INVERSA  DIALISIS. SOL.COMPRA N°165 DE ODDRA GOMEZ.PARA FUNCIONARIOS UNIDAD DE DIALISIS SE ADJUNTAN BASES Y ESPECIFICACIONES TECNICAS,8011,Servicios de recursos humanos,8011,0.475644,8611,9111,,,
1057439-41-LE23,SERVICIO DE SALUD COQUIMBO HOSPITAL LA SERENA,C.S. Sensor monitoreo Anestesia y Equipo Asociado. Se requiere adquirir Convenio de Suministro de Sensor de Medición Anestésica y Equipos Asociados para El Hospital La Serena,4227,"Productos de resucitación, anestesia y respiratorios",4227,0.54636616,4218,4229,,,
1057937-21-LE23,SERVICIO DE SALUD VALDIVIA HOSPITAL BASE,COMPRA DE SILLONES RECLINABLES. COMPRA DE SILLONES RECLINABLES- PARA EL HOSPITAL BASE VALDIVIA,4219,Equipamiento para instalaciones médicas,7210,0.09846095,4219,4220,,,
1057472-66-LE23,HOSPITAL CLINICO METROPOLITANO EL CARMEN DOCTOR LUIS VALENTIN FERRADA,"Adquisición de Prótesis Fijas sobre Implantes. El Hospital El Carmen Dr. Luis Valentín Ferrada, en adelante el Hospital, requiere de la Adquisición de Prótesis Fijas sobre Implantes, de acuerdo con las condiciones establecidas en las presentes bases administrativas, técnicas y sus anexos. La forma de la presente licitación pública corresponde a aquellas licitaciones mayor a 100 UTM y menor a 1000 UTM",4215,Equipos y suministros odontológicos,4229,0.38815483,4224,4215,,,
1057532-47-L123,SERVICIO DE SALUD OSORNO,INSUMOS DENTALES CONTINUIDAD DE ATENCIONES ODONTOLOGICAS. Adquisición de insumos de uso dental para dar continuidad a las atenciones odontológicas de los funcionarios del Servicio de Salud Osorno,4215,Equipos y suministros odontológicos,4215,0.6282902,3020,4214,,,
956-78-LQ23,SERVICIO DE SALUD VALPARAISO SAN ANTONIO,"Adquisición de Equipo de Rayos X Portátil para el Proyecto Normalización Hospital San José de Casablanca. La necesidad de realizar un proceso de licitación para la Adquisición de Equipo de Rayos X Portátil para el Proyecto Normalización Hospital San José de Casablanca, requerido por la Subdirección de Desarrollo Institucional de la Dirección del Servicio de Salud Valparaíso  San Antonio",4111,Instrumentos de medida y experimentación,4111,0.22475927,4220,4110,,,
