ranking,organismo,organismo_nombre,puntaje,percentil,explicacion,descriptible_en_una_frase (si/no),frase_del_revisor
1,6957,CENTRAL DE ABASTECIMIENTO DEL SISTEMA NACIONAL DE SERVICIO DE SALUD,0.03241246,100.0,Este organismo se aparta del patrón típico principalmente por su monto total adjudicado (sobre lo esperado) y por el monto medio de sus compras (sobre lo esperado).,,
2,7382,SERVICIO DE SALUD MAGALLANES,0.018630587,99.55357142857143,Este organismo se aparta del patrón típico principalmente por la cantidad de rubros que compra (sobre lo esperado) y por el monto medio de sus compras (bajo lo esperado).,,
3,6926,SERVICIO DE SALUD DE ARICA Y PARINACOTA,0.017218526,99.10714285714286,Este organismo se aparta del patrón típico principalmente por la cantidad de rubros que compra (sobre lo esperado) y por el monto medio de sus compras (bajo lo esperado).,,
4,6930,SUPERINTENDENCIA DE SALUD,0.0147159565,98.66071428571429,Este organismo se aparta del patrón típico principalmente por la cantidad de rubros que compra (bajo lo esperado) y por su porcentaje de trato directo (sobre lo esperado).,,
5,7480,SERVICIO NACIONAL DE SALUD HOSPITAL DE COCHRANE,0.011894764,98.21428571428571,Este organismo se aparta del patrón típico principalmente por el monto medio de sus compras (bajo lo esperado) y por su monto total adjudicado (bajo lo esperado).,,
6,7280,SERVICIO DE SALUD DEL MAULE HOSPITAL DE MOLINA,0.011855108,97.76785714285714,Este organismo se aparta del patrón típico principalmente por el monto medio de sus compras (bajo lo esperado) y por su porcentaje de proveedores nuevos (sobre lo esperado).,,
7,116754,SERVICIO NACIONAL DE SALUD HOSPITAL DE C,0.010988014,97.32142857142857,Este organismo se aparta del patrón típico principalmente por su monto total adjudicado (bajo lo esperado) y por el monto medio de sus compras (bajo lo esperado).,,
8,7470,SERVICIO NACIONAL DE SALUD HOSPITAL DE RIO NEGRO,0.010550627,96.875,Este organismo se aparta del patrón típico principalmente por el monto medio de sus compras (bajo lo esperado) y por su monto total adjudicado (bajo lo esperado).,,
9,7402,SERVICIO NACIONAL DE SALUD HOSPITAL DE LEBU,0.010295734,96.42857142857143,Este organismo se aparta del patrón típico principalmente por su porcentaje de proveedores nuevos (sobre lo esperado) y por su porcentaje de trato directo (bajo lo esperado).,,
10,118628,DIRECCION SALUD RURAL,0.009818227,95.98214285714286,Este organismo se aparta del patrón típico principalmente por el monto medio de sus compras (bajo lo esperado) y por su monto total adjudicado (bajo lo esperado).,,
